Algorithm,Max Accuracy (FMNIST),Rounds to Max Accuracy
PoCZk,0.9002000093460083,82
ZkAvg,0.899399995803833,88
ContAvg,0.6862000226974487,100
FedAvg,0.8945000171661377,74
