Algorithm,Max Accuracy (FMNIST),Rounds to Max Accuracy
PoCZk,0.9114999771118164,80
ZkAvg,0.9099000096321106,92
ContAvg,0.4397999942302704,70
FedAvg,0.907800018787384,94
