Algorithm,Max Accuracy (MNIST),Rounds to Max Accuracy
PoCZk,0.9902999997138977,54
ZkAvg,0.9908000230789185,98
ContAvg,0.48559999465942383,92
FedAvg,0.991599977016449,96
